{"name":"VR Scene","created":"2016-03-30T09:49:52.925Z","settings":{"physics":{"gravity":[0,-9.8,0]},"render":{"fog_end":1000,"tonemapping":3,"skybox":null,"fog_density":0.01,"gamma_correction":1,"exposure":1.5,"fog_start":1,"global_ambient":[0.2,0.2,0.2],"skyboxIntensity":1,"fog_color":[0,0,0],"fog":"none","lightmapMaxResolution":2048,"skyboxMip":0,"lightmapSizeMultiplier":16,"lightmapMode":0},"priority_scripts":["input_hmd.js"]},"entities":{"c05ab0ea-f65c-11e5-809f-22000ac481df":{"template":null,"parent":null,"resource_id":"c05ab0ea-f65c-11e5-809f-22000ac481df","labels":[],"rotation":[0,0,0],"children":["ff987b82-1a95-4d25-9e9c-8344b58cebf1","89023e6a-fd14-431f-ba06-b7fa71db282f","18e8becf-33e3-4145-b9de-9a2309dbec8a","460a0bc6-8b0a-4081-896c-d1f9f8993301","fc2726fd-3bc3-4fe8-bc4f-a272984c16aa","27db7e26-18e4-4da7-b564-f5cf58e5a586","5c7d1e78-6417-4ebf-85fd-578b32b4056f","c56e7183-904c-47b0-8466-fe1475f3139f","38e2808b-3eb2-43ed-9378-3c690f914dd0","c5078e3b-fb5f-4ada-8809-e864dbbaf30c","0b1934e5-e6e1-495e-bf68-152a999038ef","5f0bf626-bb88-4137-b277-99750747047e"],"scale":[1,1,1],"name":"Root","enabled":true,"components":{"script":{"enabled":true,"order":["vr","controllers","objectPicker"],"scripts":{"vr":{"enabled":true,"attributes":{"buttonVr":"1f9989a7-c3e2-4d90-88c9-0c392a71e7f8","cameraEntity":"c05ab306-f65c-11e5-809f-22000ac481df","elementUnsupported":"87e2b60c-8772-4efa-af0a-f48d4ed1a716","elementHttpsRequired":"4b5dd5bd-2d5c-48c3-a340-c3c52c5d0eb9"}},"controllers":{"enabled":true,"attributes":{"controllerTemplate":"27db7e26-18e4-4da7-b564-f5cf58e5a586","cameraParent":"c56e7183-904c-47b0-8466-fe1475f3139f"}},"objectPicker":{"enabled":true,"attributes":{}}}}},"position":[0,0,0],"tags":[]},"ff987b82-1a95-4d25-9e9c-8344b58cebf1":{"name":"Room","enabled":true,"resource_id":"ff987b82-1a95-4d25-9e9c-8344b58cebf1","parent":"c05ab0ea-f65c-11e5-809f-22000ac481df","children":["0a24d5db-5866-461c-9754-e5482e40208d","90f6c7ac-a51e-492f-b45c-67d1069d54d4","8ba8cb35-5bb9-446d-9401-d1a79accc0ce","f2bd0f02-c8af-4cd4-98ae-fff6616e5e26","6a78f6ff-274e-4912-957d-17dbff06ce23","21e50612-aee0-4afe-8f25-c1d2e7358ed7","67f7fccc-70f8-4a2a-b95a-ad986253818e"],"position":[0,0,0],"rotation":[0,0,0],"scale":[1,1,1],"components":{"model":{"enabled":true,"type":"asset","asset":36124909,"materialAsset":null,"castShadows":false,"receiveShadows":true,"lightmapped":true,"castShadowsLightmap":true,"lightmapSizeMultiplier":1,"isStatic":false,"batchGroupId":null,"layers":[0]},"collision":{"enabled":true,"type":"box","halfExtents":[21.576,0,20.579],"radius":0.5,"axis":1,"height":2,"asset":null},"rigidbody":{"enabled":true,"type":"static","mass":1,"linearDamping":0,"angularDamping":0,"linearFactor":[1,1,1],"angularFactor":[1,1,1],"friction":0.5,"restitution":0.5}},"tags":[]},"0a24d5db-5866-461c-9754-e5482e40208d":{"name":"Down Dynamic","enabled":true,"resource_id":"0a24d5db-5866-461c-9754-e5482e40208d","parent":"ff987b82-1a95-4d25-9e9c-8344b58cebf1","children":[],"position":[0,7.107181549072266,0],"rotation":[0,0,0],"scale":[1,1,1],"components":{"light":{"enabled":true,"type":"directional","bake":false,"affectDynamic":true,"color":[1,1,1],"intensity":1,"castShadows":false,"shadowDistance":40,"shadowResolution":1024,"shadowBias":0.05,"normalOffsetBias":0.1,"range":30,"falloffMode":1,"innerConeAngle":40,"outerConeAngle":75,"affectLightmapped":false,"shadowUpdateMode":2,"shadowType":3,"vsmBlurMode":0,"vsmBlurSize":5,"vsmBias":0.05,"cookieAsset":null,"cookieIntensity":1,"cookieFalloff":true,"cookieChannel":"rgb","isStatic":false,"bakeDir":true,"cookieAngle":0,"cookieScale":[1,1],"cookieOffset":[0,0],"layers":[0]}},"tags":[]},"90f6c7ac-a51e-492f-b45c-67d1069d54d4":{"name":"Up Dynamic","enabled":true,"resource_id":"90f6c7ac-a51e-492f-b45c-67d1069d54d4","parent":"ff987b82-1a95-4d25-9e9c-8344b58cebf1","children":[],"position":[0,7.107181549072266,0],"rotation":[180,0,0],"scale":[1,1,1],"components":{"light":{"enabled":true,"type":"directional","bake":false,"affectDynamic":true,"color":[0.4745098039215686,0.6705882352941176,0.9921568627450981],"intensity":0.4,"castShadows":false,"shadowDistance":40,"shadowResolution":1024,"shadowBias":0.05,"normalOffsetBias":0.1,"range":30,"falloffMode":1,"innerConeAngle":40,"outerConeAngle":75,"affectLightmapped":false,"shadowUpdateMode":2,"shadowType":3,"vsmBlurMode":0,"vsmBlurSize":5,"vsmBias":0.05,"cookieAsset":null,"cookieIntensity":1,"cookieFalloff":true,"cookieChannel":"rgb","isStatic":false,"bakeDir":true,"cookieAngle":0,"cookieScale":[1,1],"cookieOffset":[0,0],"layers":[0]}},"tags":[]},"8ba8cb35-5bb9-446d-9401-d1a79accc0ce":{"name":"Light Sphere","enabled":true,"resource_id":"8ba8cb35-5bb9-446d-9401-d1a79accc0ce","parent":"ff987b82-1a95-4d25-9e9c-8344b58cebf1","children":["39f349f5-de34-4ca8-9601-c87e1b65093d","69e4fd26-ad80-4cc4-aff8-7f2b6f344e5b"],"position":[-9.47153091430664,9.107181549072266,10.766969680786133],"rotation":[0,0,0],"scale":[1,1,1],"components":{"model":{"enabled":true,"type":"sphere","asset":null,"materialAsset":36124915,"castShadows":false,"receiveShadows":false,"lightmapped":false,"castShadowsLightmap":false,"lightmapSizeMultiplier":1,"isStatic":false,"batchGroupId":null,"layers":[0]}},"tags":[]},"39f349f5-de34-4ca8-9601-c87e1b65093d":{"name":"Down","enabled":true,"resource_id":"39f349f5-de34-4ca8-9601-c87e1b65093d","parent":"8ba8cb35-5bb9-446d-9401-d1a79accc0ce","children":[],"position":[0,0,0],"rotation":[0,0,0],"scale":[1,1,1],"components":{"light":{"enabled":true,"type":"spot","bake":true,"affectDynamic":false,"color":[1,1,1],"intensity":4,"castShadows":true,"shadowDistance":40,"shadowResolution":1024,"shadowBias":0.05,"normalOffsetBias":0.1,"range":30,"falloffMode":1,"innerConeAngle":40,"outerConeAngle":75,"affectLightmapped":false,"shadowUpdateMode":2,"shadowType":3,"vsmBlurMode":0,"vsmBlurSize":5,"vsmBias":0.05,"cookieAsset":null,"cookieIntensity":1,"cookieFalloff":true,"cookieChannel":"rgb","isStatic":false,"bakeDir":true,"cookieAngle":0,"cookieScale":[1,1],"cookieOffset":[0,0],"layers":[0]}},"tags":[]},"69e4fd26-ad80-4cc4-aff8-7f2b6f344e5b":{"name":"Bounce","enabled":true,"resource_id":"69e4fd26-ad80-4cc4-aff8-7f2b6f344e5b","parent":"8ba8cb35-5bb9-446d-9401-d1a79accc0ce","children":[],"position":[0,-9.86965560913086,0],"rotation":[180,0,0],"scale":[1,1,1],"components":{"light":{"enabled":true,"type":"spot","bake":true,"affectDynamic":false,"color":[0.4745098039215686,0.6705882352941176,0.9921568627450981],"intensity":1,"castShadows":false,"shadowDistance":40,"shadowResolution":1024,"shadowBias":0.05,"normalOffsetBias":0,"range":20,"falloffMode":1,"innerConeAngle":20,"outerConeAngle":80,"affectLightmapped":false,"shadowUpdateMode":2,"shadowType":0,"vsmBlurMode":0,"vsmBlurSize":5,"vsmBias":0.0025,"cookieAsset":null,"cookieIntensity":1,"cookieFalloff":true,"cookieChannel":"rgb","isStatic":false,"bakeDir":true,"cookieAngle":0,"cookieScale":[1,1],"cookieOffset":[0,0],"layers":[0]}},"tags":[]},"f2bd0f02-c8af-4cd4-98ae-fff6616e5e26":{"name":"Light Sphere","enabled":true,"resource_id":"f2bd0f02-c8af-4cd4-98ae-fff6616e5e26","parent":"ff987b82-1a95-4d25-9e9c-8344b58cebf1","children":["7336638c-b0e4-4d66-aaef-5946b42ac7a5","d8ee38d6-f41f-456b-ab64-5989488fcbab"],"position":[-9.47153091430664,9.107181549072266,-10.08897590637207],"rotation":[0,0,0],"scale":[1,1,1],"components":{"model":{"enabled":true,"type":"sphere","asset":null,"materialAsset":36124915,"castShadows":false,"receiveShadows":false,"lightmapped":false,"castShadowsLightmap":false,"lightmapSizeMultiplier":1,"isStatic":false,"batchGroupId":null,"layers":[0]}},"tags":[]},"7336638c-b0e4-4d66-aaef-5946b42ac7a5":{"name":"Down","enabled":true,"resource_id":"7336638c-b0e4-4d66-aaef-5946b42ac7a5","parent":"f2bd0f02-c8af-4cd4-98ae-fff6616e5e26","children":[],"position":[0,0,0],"rotation":[0,0,0],"scale":[1,1,1],"components":{"light":{"enabled":true,"type":"spot","bake":true,"affectDynamic":false,"affectLightMapped":false,"color":[1,1,1],"intensity":4,"castShadows":true,"shadowDistance":40,"shadowResolution":1024,"shadowBias":0.05,"normalOffsetBias":0.1,"range":30,"falloffMode":1,"innerConeAngle":40,"outerConeAngle":75,"affectLightmapped":false,"shadowUpdateMode":2,"shadowType":3,"vsmBlurMode":0,"vsmBlurSize":5,"vsmBias":0.05,"cookieAsset":null,"cookieIntensity":1,"cookieFalloff":true,"cookieChannel":"rgb","isStatic":false,"bakeDir":true,"cookieAngle":0,"cookieScale":[1,1],"cookieOffset":[0,0],"layers":[0]}},"tags":[]},"d8ee38d6-f41f-456b-ab64-5989488fcbab":{"name":"Bounce","enabled":true,"resource_id":"d8ee38d6-f41f-456b-ab64-5989488fcbab","parent":"f2bd0f02-c8af-4cd4-98ae-fff6616e5e26","children":[],"position":[0,-9.86965560913086,0],"rotation":[180,0,0],"scale":[1,1,1],"components":{"light":{"enabled":true,"type":"spot","bake":true,"affectDynamic":false,"affectLightMapped":false,"color":[0.4745098039215686,0.6705882352941176,0.9921568627450981],"intensity":1,"castShadows":false,"shadowDistance":40,"shadowResolution":1024,"shadowBias":0.05,"normalOffsetBias":0,"range":20,"falloffMode":1,"innerConeAngle":20,"outerConeAngle":80,"affectLightmapped":false,"shadowUpdateMode":2,"shadowType":0,"vsmBlurMode":0,"vsmBlurSize":5,"vsmBias":0.0025,"cookieAsset":null,"cookieIntensity":1,"cookieFalloff":true,"cookieChannel":"rgb","isStatic":false,"bakeDir":true,"cookieAngle":0,"cookieScale":[1,1],"cookieOffset":[0,0],"layers":[0]}},"tags":[]},"6a78f6ff-274e-4912-957d-17dbff06ce23":{"name":"Light Sphere","enabled":true,"resource_id":"6a78f6ff-274e-4912-957d-17dbff06ce23","parent":"ff987b82-1a95-4d25-9e9c-8344b58cebf1","children":["ab9df0ec-8484-47d4-871c-1e7f2b56d403","45a5c73f-c1b8-440f-b8ad-682d2cf7d9d9"],"position":[10.489309310913086,9.107181549072266,-10.088973999023438],"rotation":[0,0,0],"scale":[1,1,1],"components":{"model":{"enabled":true,"type":"sphere","asset":null,"materialAsset":36124915,"castShadows":false,"receiveShadows":false,"lightmapped":false,"castShadowsLightmap":false,"lightmapSizeMultiplier":1,"isStatic":false,"batchGroupId":null,"layers":[0]}},"tags":[]},"ab9df0ec-8484-47d4-871c-1e7f2b56d403":{"name":"Down","enabled":true,"resource_id":"ab9df0ec-8484-47d4-871c-1e7f2b56d403","parent":"6a78f6ff-274e-4912-957d-17dbff06ce23","children":[],"position":[0,0,0],"rotation":[0,0,0],"scale":[1,1,1],"components":{"light":{"enabled":true,"type":"spot","bake":true,"affectDynamic":false,"affectLightMapped":false,"color":[1,1,1],"intensity":4,"castShadows":true,"shadowDistance":40,"shadowResolution":1024,"shadowBias":0.05,"normalOffsetBias":0.1,"range":30,"falloffMode":1,"innerConeAngle":40,"outerConeAngle":75,"affectLightmapped":false,"shadowUpdateMode":2,"shadowType":3,"vsmBlurMode":0,"vsmBlurSize":5,"vsmBias":0.05,"cookieAsset":null,"cookieIntensity":1,"cookieFalloff":true,"cookieChannel":"rgb","isStatic":false,"bakeDir":true,"cookieAngle":0,"cookieScale":[1,1],"cookieOffset":[0,0],"layers":[0]}},"tags":[]},"45a5c73f-c1b8-440f-b8ad-682d2cf7d9d9":{"name":"Bounce","enabled":true,"resource_id":"45a5c73f-c1b8-440f-b8ad-682d2cf7d9d9","parent":"6a78f6ff-274e-4912-957d-17dbff06ce23","children":[],"position":[0,-9.86965560913086,0],"rotation":[180,0,0],"scale":[1,1,1],"components":{"light":{"enabled":true,"type":"spot","bake":true,"affectDynamic":false,"affectLightMapped":false,"color":[0.4745098039215686,0.6705882352941176,0.9921568627450981],"intensity":1,"castShadows":false,"shadowDistance":40,"shadowResolution":1024,"shadowBias":0.05,"normalOffsetBias":0,"range":20,"falloffMode":1,"innerConeAngle":20,"outerConeAngle":80,"affectLightmapped":false,"shadowUpdateMode":2,"shadowType":0,"vsmBlurMode":0,"vsmBlurSize":5,"vsmBias":0.0025,"cookieAsset":null,"cookieIntensity":1,"cookieFalloff":true,"cookieChannel":"rgb","isStatic":false,"bakeDir":true,"cookieAngle":0,"cookieScale":[1,1],"cookieOffset":[0,0],"layers":[0]}},"tags":[]},"21e50612-aee0-4afe-8f25-c1d2e7358ed7":{"name":"Light Sphere","enabled":true,"resource_id":"21e50612-aee0-4afe-8f25-c1d2e7358ed7","parent":"ff987b82-1a95-4d25-9e9c-8344b58cebf1","children":["e9664dc3-7dc5-4004-8279-8245714a7906","977ec035-3c61-49dc-afb9-e5a1c3ff4da3"],"position":[10.52846908569336,9.107181549072266,10.766969680786133],"rotation":[0,0,0],"scale":[1,1,1],"components":{"model":{"enabled":true,"type":"sphere","asset":null,"materialAsset":36124915,"castShadows":false,"receiveShadows":false,"lightmapped":false,"castShadowsLightmap":false,"lightmapSizeMultiplier":1,"isStatic":false,"batchGroupId":null,"layers":[0]}},"tags":[]},"e9664dc3-7dc5-4004-8279-8245714a7906":{"name":"Down","enabled":true,"resource_id":"e9664dc3-7dc5-4004-8279-8245714a7906","parent":"21e50612-aee0-4afe-8f25-c1d2e7358ed7","children":[],"position":[0,0,0],"rotation":[0,0,0],"scale":[1,1,1],"components":{"light":{"enabled":true,"type":"spot","bake":true,"affectDynamic":false,"affectLightMapped":false,"color":[1,1,1],"intensity":4,"castShadows":true,"shadowDistance":40,"shadowResolution":1024,"shadowBias":0.05,"normalOffsetBias":0.1,"range":30,"falloffMode":1,"innerConeAngle":40,"outerConeAngle":75,"affectLightmapped":false,"shadowUpdateMode":2,"shadowType":3,"vsmBlurMode":0,"vsmBlurSize":5,"vsmBias":0.05,"cookieAsset":null,"cookieIntensity":1,"cookieFalloff":true,"cookieChannel":"rgb","isStatic":false,"bakeDir":true,"cookieAngle":0,"cookieScale":[1,1],"cookieOffset":[0,0],"layers":[0]}},"tags":[]},"977ec035-3c61-49dc-afb9-e5a1c3ff4da3":{"name":"Bounce","enabled":true,"resource_id":"977ec035-3c61-49dc-afb9-e5a1c3ff4da3","parent":"21e50612-aee0-4afe-8f25-c1d2e7358ed7","children":[],"position":[0,-9.86965560913086,0],"rotation":[180,0,0],"scale":[1,1,1],"components":{"light":{"enabled":true,"type":"spot","bake":true,"affectDynamic":false,"affectLightMapped":false,"color":[0.4745098039215686,0.6705882352941176,0.9921568627450981],"intensity":1,"castShadows":false,"shadowDistance":40,"shadowResolution":1024,"shadowBias":0.05,"normalOffsetBias":0,"range":20,"falloffMode":1,"innerConeAngle":20,"outerConeAngle":80,"affectLightmapped":false,"shadowUpdateMode":2,"shadowType":0,"vsmBlurMode":0,"vsmBlurSize":5,"vsmBias":0.0025,"cookieAsset":null,"cookieIntensity":1,"cookieFalloff":true,"cookieChannel":"rgb","isStatic":false,"bakeDir":true,"cookieAngle":0,"cookieScale":[1,1],"cookieOffset":[0,0],"layers":[0]}},"tags":[]},"67f7fccc-70f8-4a2a-b95a-ad986253818e":{"name":"Light Sphere","enabled":true,"resource_id":"67f7fccc-70f8-4a2a-b95a-ad986253818e","parent":"ff987b82-1a95-4d25-9e9c-8344b58cebf1","children":["27c98345-e84c-45b5-ad46-2b623c76ecc4","481ee624-b99b-4281-9c12-84eeded3f6fd"],"position":[0.20149612426757812,9.107181549072266,-0.30900001525878906],"rotation":[0,0,0],"scale":[1,1,1],"components":{"model":{"enabled":true,"type":"sphere","asset":null,"materialAsset":36124915,"castShadows":false,"receiveShadows":false,"lightmapped":false,"castShadowsLightmap":false,"lightmapSizeMultiplier":1,"isStatic":false,"batchGroupId":null,"layers":[0]}},"tags":[]},"27c98345-e84c-45b5-ad46-2b623c76ecc4":{"name":"Down","enabled":true,"resource_id":"27c98345-e84c-45b5-ad46-2b623c76ecc4","parent":"67f7fccc-70f8-4a2a-b95a-ad986253818e","children":[],"position":[0,0,0],"rotation":[0,0,0],"scale":[1,1,1],"components":{"light":{"enabled":true,"type":"spot","bake":true,"affectDynamic":false,"affectLightMapped":false,"color":[1,1,1],"intensity":4,"castShadows":true,"shadowDistance":40,"shadowResolution":1024,"shadowBias":0.05,"normalOffsetBias":0.1,"range":30,"falloffMode":1,"innerConeAngle":40,"outerConeAngle":75,"affectLightmapped":false,"shadowUpdateMode":2,"shadowType":3,"vsmBlurMode":0,"vsmBlurSize":5,"vsmBias":0.05,"cookieAsset":null,"cookieIntensity":1,"cookieFalloff":true,"cookieChannel":"rgb","isStatic":false,"bakeDir":true,"cookieAngle":0,"cookieScale":[1,1],"cookieOffset":[0,0],"layers":[0]}},"tags":[]},"481ee624-b99b-4281-9c12-84eeded3f6fd":{"name":"Bounce","enabled":true,"resource_id":"481ee624-b99b-4281-9c12-84eeded3f6fd","parent":"67f7fccc-70f8-4a2a-b95a-ad986253818e","children":[],"position":[0,-9.86965560913086,0],"rotation":[180,0,0],"scale":[1,1,1],"components":{"light":{"enabled":true,"type":"spot","bake":true,"affectDynamic":false,"affectLightMapped":false,"color":[0.4745098039215686,0.6705882352941176,0.9921568627450981],"intensity":1,"castShadows":false,"shadowDistance":40,"shadowResolution":1024,"shadowBias":0.05,"normalOffsetBias":0,"range":20,"falloffMode":1,"innerConeAngle":20,"outerConeAngle":80,"affectLightmapped":false,"shadowUpdateMode":2,"shadowType":0,"vsmBlurMode":0,"vsmBlurSize":5,"vsmBias":0.0025,"cookieAsset":null,"cookieIntensity":1,"cookieFalloff":true,"cookieChannel":"rgb","isStatic":false,"bakeDir":true,"cookieAngle":0,"cookieScale":[1,1],"cookieOffset":[0,0],"layers":[0]}},"tags":[]},"89023e6a-fd14-431f-ba06-b7fa71db282f":{"name":"Floor","tags":["pickable","teleportable"],"enabled":true,"resource_id":"89023e6a-fd14-431f-ba06-b7fa71db282f","parent":"c05ab0ea-f65c-11e5-809f-22000ac481df","children":[],"position":[0,-0.5,0],"rotation":[0,0,0],"scale":[40,1,40],"components":{"model":{"enabled":false,"type":"box","asset":null,"materialAsset":null,"castShadows":true,"castShadowsLightmap":true,"receiveShadows":true,"lightmapped":false,"lightmapSizeMultiplier":1,"castShadowsLightMap":true,"lightMapped":false,"lightMapSizeMultiplier":1,"isStatic":false,"layers":[0],"batchGroupId":null}}},"18e8becf-33e3-4145-b9de-9a2309dbec8a":{"name":"Box","enabled":true,"resource_id":"18e8becf-33e3-4145-b9de-9a2309dbec8a","parent":"c05ab0ea-f65c-11e5-809f-22000ac481df","children":[],"position":[3,1,-5],"rotation":[0,0,0],"scale":[1,1,1],"components":{"model":{"enabled":true,"type":"box","asset":null,"materialAsset":36124919,"castShadows":false,"receiveShadows":true,"lightmapped":true,"castShadowsLightmap":true,"lightmapSizeMultiplier":1,"isStatic":false,"batchGroupId":null,"layers":[0]}},"tags":["interactive","pickable"]},"460a0bc6-8b0a-4081-896c-d1f9f8993301":{"name":"Box","enabled":true,"resource_id":"460a0bc6-8b0a-4081-896c-d1f9f8993301","parent":"c05ab0ea-f65c-11e5-809f-22000ac481df","children":[],"position":[0,1,-5],"rotation":[0,0,0],"scale":[1,1,1],"components":{"model":{"enabled":true,"type":"box","asset":null,"materialAsset":36124919,"castShadows":false,"receiveShadows":true,"lightmapped":true,"castShadowsLightmap":true,"lightmapSizeMultiplier":1,"isStatic":false,"batchGroupId":null,"layers":[0]}},"tags":["interactive","pickable"]},"fc2726fd-3bc3-4fe8-bc4f-a272984c16aa":{"name":"Box","enabled":true,"resource_id":"fc2726fd-3bc3-4fe8-bc4f-a272984c16aa","parent":"c05ab0ea-f65c-11e5-809f-22000ac481df","children":[],"position":[-3,1,-5],"rotation":[0,0,0],"scale":[1,1,1],"components":{"model":{"enabled":true,"type":"box","asset":null,"materialAsset":36124919,"castShadows":false,"receiveShadows":true,"lightmapped":true,"castShadowsLightmap":true,"lightmapSizeMultiplier":1,"isStatic":false,"batchGroupId":null,"layers":[0]}},"tags":["interactive","pickable"]},"27db7e26-18e4-4da7-b564-f5cf58e5a586":{"name":"controller","tags":[],"enabled":false,"resource_id":"27db7e26-18e4-4da7-b564-f5cf58e5a586","parent":"c05ab0ea-f65c-11e5-809f-22000ac481df","children":["12d922b4-a1ba-4fea-af95-5644a0c2be7d","8effc60c-e1a3-4c94-a15f-0d5aa23d0bb1"],"position":[0,1.600000023841858,0],"rotation":[0,0,0],"scale":[1,1,1],"components":{"script":{"enabled":true,"order":["controller"],"scripts":{"controller":{"enabled":true,"attributes":{}}}}}},"12d922b4-a1ba-4fea-af95-5644a0c2be7d":{"name":"model","tags":[],"enabled":true,"resource_id":"12d922b4-a1ba-4fea-af95-5644a0c2be7d","parent":"27db7e26-18e4-4da7-b564-f5cf58e5a586","children":[],"position":[0,0,0],"rotation":[0,0,0],"scale":[0.05,0.05,0.05],"components":{"model":{"enabled":true,"type":"box","asset":null,"materialAsset":36124903,"castShadows":false,"castShadowsLightmap":false,"receiveShadows":true,"lightmapped":false,"lightmapSizeMultiplier":1,"castShadowsLightMap":true,"lightMapped":false,"lightMapSizeMultiplier":1,"isStatic":false,"layers":[0],"batchGroupId":null}}},"8effc60c-e1a3-4c94-a15f-0d5aa23d0bb1":{"name":"pointer","tags":[],"enabled":true,"resource_id":"8effc60c-e1a3-4c94-a15f-0d5aa23d0bb1","parent":"27db7e26-18e4-4da7-b564-f5cf58e5a586","children":[],"position":[0,0,-2],"rotation":[0,0,0],"scale":[0.01,0.01,0.01],"components":{"element":{"enabled":true,"type":"image","anchor":[0.5,0.5,0.5,0.5],"pivot":[0.5,0.5],"text":"","key":null,"fontAsset":36124914,"fontSize":32,"minFontSize":8,"maxFontSize":32,"autoFitWidth":false,"autoFitHeight":false,"maxLines":null,"lineHeight":32,"wrapLines":true,"spacing":1,"color":[1,1,1],"opacity":1,"textureAsset":36124924,"spriteAsset":null,"spriteFrame":0,"pixelsPerUnit":null,"width":2,"height":2,"margin":[-1,-1,-1,-1],"alignment":[0.5,0.5],"outlineColor":[0,0,0,1],"outlineThickness":0,"shadowColor":[0,0,0,1],"shadowOffset":[0,0],"rect":[0,0,1,1],"materialAsset":null,"autoWidth":false,"autoHeight":false,"useInput":false,"batchGroupId":null,"mask":false,"layers":[4],"enableMarkup":false}}},"c56e7183-904c-47b0-8466-fe1475f3139f":{"name":"Camera Parent","tags":[],"enabled":true,"resource_id":"c56e7183-904c-47b0-8466-fe1475f3139f","parent":"c05ab0ea-f65c-11e5-809f-22000ac481df","children":["c05ab306-f65c-11e5-809f-22000ac481df"],"position":[0,1.5718207359313965,4.249320030212402],"rotation":[0,0,0],"scale":[1,1,1],"components":{"script":{"enabled":true,"order":["camera-controller"],"scripts":{"camera-controller":{"enabled":true,"attributes":{"height":1.6,"movementSpeed":1.5,"rotateSpeed":45,"rotateThreshold":0.5,"rotateResetThreshold":0.25,"camera":"c05ab306-f65c-11e5-809f-22000ac481df"}}}}}},"c05ab306-f65c-11e5-809f-22000ac481df":{"template":null,"parent":"c56e7183-904c-47b0-8466-fe1475f3139f","resource_id":"c05ab306-f65c-11e5-809f-22000ac481df","labels":[],"rotation":[0,0,0],"children":[],"scale":[1,1,1],"name":"Camera","enabled":true,"components":{"camera":{"projection":0,"farClip":1000,"rect":[0,0,1,1],"priority":0,"fov":45,"clearDepthBuffer":true,"clearColor":[0.722,0.722,0.722,1],"enabled":true,"orthoHeight":100,"nearClip":0.1,"clearColorBuffer":true,"frustumCulling":false,"layers":[0,1,2,3,4]}},"position":[0,0,0],"tags":[]},"38e2808b-3eb2-43ed-9378-3c690f914dd0":{"name":"2D Screen","tags":[],"enabled":true,"resource_id":"38e2808b-3eb2-43ed-9378-3c690f914dd0","parent":"c05ab0ea-f65c-11e5-809f-22000ac481df","children":["1f9989a7-c3e2-4d90-88c9-0c392a71e7f8","87e2b60c-8772-4efa-af0a-f48d4ed1a716","4b5dd5bd-2d5c-48c3-a340-c3c52c5d0eb9"],"position":[0,4,0],"rotation":[0,0,0],"scale":[1,1,1],"components":{"screen":{"enabled":true,"screenSpace":true,"scaleMode":"blend","scaleBlend":0.5,"resolution":[1280,720],"referenceResolution":[1280,960]}}},"1f9989a7-c3e2-4d90-88c9-0c392a71e7f8":{"name":"Button","tags":[],"enabled":true,"resource_id":"1f9989a7-c3e2-4d90-88c9-0c392a71e7f8","parent":"38e2808b-3eb2-43ed-9378-3c690f914dd0","children":["b0f86a36-5682-4c66-b2ef-8f6d67757e02"],"position":[0,0,0],"rotation":[0,0,0],"scale":[1,1,1],"components":{"button":{"enabled":true,"active":true,"imageEntity":"1f9989a7-c3e2-4d90-88c9-0c392a71e7f8","hitPadding":[0,0,0,0],"transitionMode":0,"hoverTint":[1,0.5019607843137255,0,1],"pressedTint":[1,1,1,1],"inactiveTint":[0,0,0,0.0784313725490196],"fadeDuration":0,"hoverSpriteAsset":null,"hoverSpriteFrame":0,"pressedSpriteAsset":null,"pressedSpriteFrame":0,"inactiveSpriteAsset":null,"inactiveSpriteFrame":0,"hoverTextureAsset":null,"pressedTextureAsset":null,"inactiveTextureAsset":null},"element":{"enabled":true,"type":"image","anchor":[0.5,0.5,0.5,0.5],"pivot":[0.5,0.5],"text":"","key":null,"fontAsset":null,"fontSize":32,"minFontSize":8,"maxFontSize":32,"autoFitWidth":false,"autoFitHeight":false,"maxLines":null,"lineHeight":32,"wrapLines":true,"spacing":1,"color":[0,0,0],"opacity":0.4,"textureAsset":null,"spriteAsset":null,"spriteFrame":0,"pixelsPerUnit":null,"width":196,"height":196,"margin":[-98,-98,-98,-98],"alignment":[0.5,0.5],"outlineColor":[0,0,0,1],"outlineThickness":0,"shadowColor":[0,0,0,1],"shadowOffset":[0,0],"rect":[0,0,1,1],"materialAsset":null,"autoWidth":false,"autoHeight":false,"useInput":true,"batchGroupId":null,"mask":false,"layers":[4],"enableMarkup":false}}},"b0f86a36-5682-4c66-b2ef-8f6d67757e02":{"name":"Text","tags":[],"enabled":true,"resource_id":"b0f86a36-5682-4c66-b2ef-8f6d67757e02","parent":"1f9989a7-c3e2-4d90-88c9-0c392a71e7f8","children":[],"position":[0,0,0],"rotation":[0,0,0],"scale":[1,1,1],"components":{"element":{"enabled":true,"type":"text","anchor":[0.5,0.5,0.5,0.5],"pivot":[0.5,0.5],"text":"VR","key":null,"fontAsset":36124914,"fontSize":48,"minFontSize":8,"maxFontSize":32,"autoFitWidth":false,"autoFitHeight":false,"maxLines":null,"lineHeight":48,"wrapLines":true,"spacing":1,"color":[1,1,1],"opacity":1,"textureAsset":null,"spriteAsset":null,"spriteFrame":0,"pixelsPerUnit":null,"width":47.648,"height":34.176,"margin":[-23.824,-17.088,-23.824,-17.088],"alignment":[0.5,0.5],"outlineColor":[0,0,0,1],"outlineThickness":0,"shadowColor":[0,0,0,1],"shadowOffset":[0,0],"rect":[0,0,1,1],"materialAsset":null,"autoWidth":true,"autoHeight":true,"useInput":false,"batchGroupId":null,"mask":false,"layers":[4],"enableMarkup":false}}},"87e2b60c-8772-4efa-af0a-f48d4ed1a716":{"name":"Text Unsupported","tags":[],"enabled":true,"resource_id":"87e2b60c-8772-4efa-af0a-f48d4ed1a716","parent":"38e2808b-3eb2-43ed-9378-3c690f914dd0","children":[],"position":[15.999999642372131,0,0],"rotation":[0,0,0],"scale":[1,1,1],"components":{"element":{"enabled":true,"type":"text","anchor":[0.5,0.5,0.5,0.5],"pivot":[0.5,0.5],"text":"WebXR is not supported","key":null,"fontAsset":36124914,"fontSize":32,"minFontSize":8,"maxFontSize":32,"autoFitWidth":false,"autoFitHeight":false,"maxLines":null,"lineHeight":32,"wrapLines":true,"spacing":1,"color":[1,1,1],"opacity":1,"textureAsset":null,"spriteAsset":null,"spriteFrame":0,"pixelsPerUnit":null,"width":404.256,"height":34.176,"margin":[-186.128,-17.088,-218.128,-17.088],"alignment":[0.5,0.5],"outlineColor":[0,0,0,1],"outlineThickness":0,"shadowColor":[0,0,0,1],"shadowOffset":[0,0],"rect":[0,0,1,1],"materialAsset":null,"autoWidth":true,"autoHeight":true,"useInput":false,"batchGroupId":null,"mask":false,"layers":[4],"enableMarkup":false}}},"4b5dd5bd-2d5c-48c3-a340-c3c52c5d0eb9":{"name":"Text HTTPS required","tags":[],"enabled":true,"resource_id":"4b5dd5bd-2d5c-48c3-a340-c3c52c5d0eb9","parent":"38e2808b-3eb2-43ed-9378-3c690f914dd0","children":[],"position":[15.999999642372131,0,0],"rotation":[0,0,0],"scale":[1,1,1],"components":{"element":{"enabled":true,"type":"text","anchor":[0.5,0.5,0.5,0.5],"pivot":[0.5,0.5],"text":"WebXR requires a secure connection (HTTPS)","key":null,"fontAsset":36124914,"fontSize":32,"minFontSize":8,"maxFontSize":32,"autoFitWidth":false,"autoFitHeight":false,"maxLines":null,"lineHeight":32,"wrapLines":true,"spacing":1,"color":[1,1,1],"opacity":1,"textureAsset":null,"spriteAsset":null,"spriteFrame":0,"pixelsPerUnit":null,"width":600,"height":34.176,"margin":[-284,-33.088,-316,-33.088],"alignment":[0.5,0.5],"outlineColor":[0,0,0,1],"outlineThickness":0,"shadowColor":[0,0,0,1],"shadowOffset":[0,0],"rect":[0,0,1,1],"materialAsset":null,"autoWidth":false,"autoHeight":true,"useInput":false,"batchGroupId":null,"mask":false,"layers":[4],"enableMarkup":false}}},"5c7d1e78-6417-4ebf-85fd-578b32b4056f":{"name":"3D Screen","tags":[],"enabled":true,"resource_id":"5c7d1e78-6417-4ebf-85fd-578b32b4056f","parent":"c05ab0ea-f65c-11e5-809f-22000ac481df","children":["7123c28e-4db9-484f-8049-87a83a038989"],"position":[0,2.002,1.204],"rotation":[-25,0,0],"scale":[0.001,0.002,0],"components":{"screen":{"enabled":true,"screenSpace":false,"scaleMode":"blend","scaleBlend":0.5,"resolution":[1280,720],"referenceResolution":[1280,720]},"script":{"enabled":true,"order":["track"],"scripts":{"track":{"enabled":true,"attributes":{}}}}}},"7123c28e-4db9-484f-8049-87a83a038989":{"name":"uiHandler","tags":[],"enabled":true,"resource_id":"7123c28e-4db9-484f-8049-87a83a038989","parent":"5c7d1e78-6417-4ebf-85fd-578b32b4056f","children":["2b99cd18-ad56-482d-893f-2ba20257c328","78d98eac-f7b6-4f72-870e-285d6602263d","c420b6b1-a17d-473c-988b-9ceda45ddac4","b1f1789a-ab35-4d5f-a8f4-e057e5c1c595","2b20709d-5471-420e-b146-7c56fb11220a","1914e74c-055c-4ed6-893c-bdccadc1cd6e"],"position":[0,0,0],"rotation":[0,0,0],"scale":[1,1,1],"components":{"element":{"enabled":true,"type":"group","anchor":[0.5,0.5,0.5,0.5],"pivot":[0.5,0.5],"text":"","key":null,"fontAsset":36124914,"fontSize":32,"minFontSize":8,"maxFontSize":32,"autoFitWidth":false,"autoFitHeight":false,"maxLines":null,"lineHeight":32,"wrapLines":true,"spacing":1,"color":[1,1,1],"opacity":1,"textureAsset":null,"spriteAsset":null,"spriteFrame":0,"pixelsPerUnit":null,"width":732,"height":532,"margin":[-366,-266,-366,-266],"alignment":[0.5,0.5],"outlineColor":[0,0,0,1],"outlineThickness":0,"shadowColor":[0,0,0,1],"shadowOffset":[0,0],"rect":[0,0,1,1],"materialAsset":null,"autoWidth":false,"autoHeight":false,"useInput":false,"batchGroupId":null,"mask":false,"layers":[4],"enableMarkup":false},"layoutgroup":{"enabled":true,"orientation":0,"reverseX":false,"reverseY":true,"alignment":[0.5,1],"padding":[0,0,0,0],"spacing":[50,50],"widthFitting":0,"heightFitting":0,"wrap":true},"script":{"enabled":true,"order":["uiHandler"],"scripts":{"uiHandler":{"enabled":true,"attributes":{"color":[0,0,0],"shape":"None yet","boxEntity":"0b1934e5-e6e1-495e-bf68-152a999038ef","sphereEntity":"c5078e3b-fb5f-4ada-8809-e864dbbaf30c"}}}}}},"78d98eac-f7b6-4f72-870e-285d6602263d":{"name":"sphere","tags":[],"enabled":true,"resource_id":"78d98eac-f7b6-4f72-870e-285d6602263d","parent":"7123c28e-4db9-484f-8049-87a83a038989","children":["513dec1f-8984-4950-b0ef-bfad911df991"],"position":[366,457,0],"rotation":[0,0,0],"scale":[1,1,1],"components":{"button":{"enabled":true,"active":true,"imageEntity":"78d98eac-f7b6-4f72-870e-285d6602263d","hitPadding":[0,0,0,0],"transitionMode":0,"hoverTint":[1,1,1,1],"pressedTint":[1,1,1,1],"inactiveTint":[1,1,1,1],"fadeDuration":0,"hoverSpriteAsset":null,"hoverSpriteFrame":0,"pressedSpriteAsset":null,"pressedSpriteFrame":0,"inactiveSpriteAsset":null,"inactiveSpriteFrame":0,"hoverTextureAsset":null,"pressedTextureAsset":null,"inactiveTextureAsset":null},"element":{"enabled":true,"type":"image","anchor":[0,0,0,0],"pivot":[0.5,0.5],"text":"","key":null,"fontAsset":36124914,"fontSize":32,"minFontSize":8,"maxFontSize":32,"autoFitWidth":false,"autoFitHeight":false,"maxLines":null,"lineHeight":32,"wrapLines":true,"spacing":1,"color":[0.5294117647058824,0.5294117647058824,0.5294117647058824],"opacity":1,"textureAsset":null,"spriteAsset":null,"spriteFrame":0,"pixelsPerUnit":null,"width":300,"height":150,"margin":[216,382,-516,-532],"alignment":[0.5,0.5],"outlineColor":[0,0,0,1],"outlineThickness":0,"shadowColor":[0,0,0,1],"shadowOffset":[0,0],"rect":[0,0,1,1],"materialAsset":null,"autoWidth":false,"autoHeight":false,"useInput":true,"batchGroupId":null,"mask":false,"layers":[4],"enableMarkup":false},"script":{"enabled":true,"order":["sphere"],"scripts":{"sphere":{"enabled":true,"attributes":{}}}}}},"513dec1f-8984-4950-b0ef-bfad911df991":{"name":"Text","tags":[],"enabled":true,"resource_id":"513dec1f-8984-4950-b0ef-bfad911df991","parent":"78d98eac-f7b6-4f72-870e-285d6602263d","children":[],"position":[0,0,0],"rotation":[0,0,0],"scale":[1,1,1],"components":{"element":{"enabled":true,"type":"text","anchor":[0.5,0.5,0.5,0.5],"pivot":[0.5,0.5],"text":"Sphere","key":null,"fontAsset":36124914,"fontSize":32,"minFontSize":8,"maxFontSize":32,"autoFitWidth":false,"autoFitHeight":false,"maxLines":null,"lineHeight":32,"wrapLines":true,"spacing":1,"color":[1,1,1],"opacity":1,"textureAsset":null,"spriteAsset":null,"spriteFrame":0,"pixelsPerUnit":null,"width":119.232,"height":32,"margin":[-59.616,-17.088,-59.616,-17.088],"alignment":[0.5,0.5],"outlineColor":[0,0,0,1],"outlineThickness":0,"shadowColor":[0,0,0,1],"shadowOffset":[0,0],"rect":[0,0,1,1],"materialAsset":null,"autoWidth":true,"autoHeight":true,"useInput":false,"batchGroupId":null,"mask":false,"layers":[4],"enableMarkup":false}}},"c420b6b1-a17d-473c-988b-9ceda45ddac4":{"name":"red","tags":[],"enabled":true,"resource_id":"c420b6b1-a17d-473c-988b-9ceda45ddac4","parent":"7123c28e-4db9-484f-8049-87a83a038989","children":[],"position":[366,457,0],"rotation":[0,0,0],"scale":[1,1,1],"components":{"button":{"enabled":true,"active":true,"imageEntity":"c420b6b1-a17d-473c-988b-9ceda45ddac4","hitPadding":[0,0,0,0],"transitionMode":0,"hoverTint":[1,1,1,1],"pressedTint":[1,1,1,1],"inactiveTint":[1,1,1,1],"fadeDuration":0,"hoverSpriteAsset":null,"hoverSpriteFrame":0,"pressedSpriteAsset":null,"pressedSpriteFrame":0,"inactiveSpriteAsset":null,"inactiveSpriteFrame":0,"hoverTextureAsset":null,"pressedTextureAsset":null,"inactiveTextureAsset":null},"element":{"enabled":true,"type":"image","anchor":[0,0,0,0],"pivot":[0.5,0.5],"text":"","key":null,"fontAsset":36124914,"fontSize":32,"minFontSize":8,"maxFontSize":32,"autoFitWidth":false,"autoFitHeight":false,"maxLines":null,"lineHeight":32,"wrapLines":true,"spacing":1,"color":[1,0,0],"opacity":1,"textureAsset":null,"spriteAsset":null,"spriteFrame":0,"pixelsPerUnit":null,"width":300,"height":150,"margin":[216,382,-516,-532],"alignment":[0.5,0.5],"outlineColor":[0,0,0,1],"outlineThickness":0,"shadowColor":[0,0,0,1],"shadowOffset":[0,0],"rect":[0,0,1,1],"materialAsset":null,"autoWidth":false,"autoHeight":false,"useInput":true,"batchGroupId":null,"mask":false,"layers":[4],"enableMarkup":false},"script":{"enabled":true,"order":["red"],"scripts":{"red":{"enabled":true,"attributes":{}}}}}},"b1f1789a-ab35-4d5f-a8f4-e057e5c1c595":{"name":"green","tags":[],"enabled":true,"resource_id":"b1f1789a-ab35-4d5f-a8f4-e057e5c1c595","parent":"7123c28e-4db9-484f-8049-87a83a038989","children":[],"position":[366,457,0],"rotation":[0,0,0],"scale":[1,1,1],"components":{"button":{"enabled":true,"active":true,"imageEntity":"b1f1789a-ab35-4d5f-a8f4-e057e5c1c595","hitPadding":[0,0,0,0],"transitionMode":0,"hoverTint":[1,1,1,1],"pressedTint":[1,1,1,1],"inactiveTint":[1,1,1,1],"fadeDuration":0,"hoverSpriteAsset":null,"hoverSpriteFrame":0,"pressedSpriteAsset":null,"pressedSpriteFrame":0,"inactiveSpriteAsset":null,"inactiveSpriteFrame":0,"hoverTextureAsset":null,"pressedTextureAsset":null,"inactiveTextureAsset":null},"element":{"enabled":true,"type":"image","anchor":[0,0,0,0],"pivot":[0.5,0.5],"text":"","key":null,"fontAsset":36124914,"fontSize":32,"minFontSize":8,"maxFontSize":32,"autoFitWidth":false,"autoFitHeight":false,"maxLines":null,"lineHeight":32,"wrapLines":true,"spacing":1,"color":[0,1,0],"opacity":1,"textureAsset":null,"spriteAsset":null,"spriteFrame":0,"pixelsPerUnit":null,"width":300,"height":150,"margin":[216,382,-516,-532],"alignment":[0.5,0.5],"outlineColor":[0,0,0,1],"outlineThickness":0,"shadowColor":[0,0,0,1],"shadowOffset":[0,0],"rect":[0,0,1,1],"materialAsset":null,"autoWidth":false,"autoHeight":false,"useInput":true,"batchGroupId":null,"mask":false,"layers":[4],"enableMarkup":false},"script":{"enabled":true,"order":["green"],"scripts":{"green":{"enabled":true,"attributes":{}}}}}},"2b20709d-5471-420e-b146-7c56fb11220a":{"name":"blue","tags":[],"enabled":true,"resource_id":"2b20709d-5471-420e-b146-7c56fb11220a","parent":"7123c28e-4db9-484f-8049-87a83a038989","children":[],"position":[366,457,0],"rotation":[0,0,0],"scale":[1,1,1],"components":{"button":{"enabled":true,"active":true,"imageEntity":"2b20709d-5471-420e-b146-7c56fb11220a","hitPadding":[0,0,0,0],"transitionMode":0,"hoverTint":[1,1,1,1],"pressedTint":[1,1,1,1],"inactiveTint":[1,1,1,1],"fadeDuration":0,"hoverSpriteAsset":null,"hoverSpriteFrame":0,"pressedSpriteAsset":null,"pressedSpriteFrame":0,"inactiveSpriteAsset":null,"inactiveSpriteFrame":0,"hoverTextureAsset":null,"pressedTextureAsset":null,"inactiveTextureAsset":null},"element":{"enabled":true,"type":"image","anchor":[0,0,0,0],"pivot":[0.5,0.5],"text":"","key":null,"fontAsset":36124914,"fontSize":32,"minFontSize":8,"maxFontSize":32,"autoFitWidth":false,"autoFitHeight":false,"maxLines":null,"lineHeight":32,"wrapLines":true,"spacing":1,"color":[0,0,1],"opacity":1,"textureAsset":null,"spriteAsset":null,"spriteFrame":0,"pixelsPerUnit":null,"width":300,"height":150,"margin":[216,382,-516,-532],"alignment":[0.5,0.5],"outlineColor":[0,0,0,1],"outlineThickness":0,"shadowColor":[0,0,0,1],"shadowOffset":[0,0],"rect":[0,0,1,1],"materialAsset":null,"autoWidth":false,"autoHeight":false,"useInput":true,"batchGroupId":null,"mask":false,"layers":[4],"enableMarkup":false},"script":{"enabled":true,"order":["blue"],"scripts":{"blue":{"enabled":true,"attributes":{}}}}}},"1914e74c-055c-4ed6-893c-bdccadc1cd6e":{"name":"black","tags":[],"enabled":true,"resource_id":"1914e74c-055c-4ed6-893c-bdccadc1cd6e","parent":"7123c28e-4db9-484f-8049-87a83a038989","children":[],"position":[366,457,0],"rotation":[0,0,0],"scale":[1,1,1],"components":{"button":{"enabled":true,"active":true,"imageEntity":"1914e74c-055c-4ed6-893c-bdccadc1cd6e","hitPadding":[0,0,0,0],"transitionMode":0,"hoverTint":[1,1,1,1],"pressedTint":[1,1,1,1],"inactiveTint":[1,1,1,1],"fadeDuration":0,"hoverSpriteAsset":null,"hoverSpriteFrame":0,"pressedSpriteAsset":null,"pressedSpriteFrame":0,"inactiveSpriteAsset":null,"inactiveSpriteFrame":0,"hoverTextureAsset":null,"pressedTextureAsset":null,"inactiveTextureAsset":null},"element":{"enabled":true,"type":"image","anchor":[0,0,0,0],"pivot":[0.5,0.5],"text":"","key":null,"fontAsset":36124914,"fontSize":32,"minFontSize":8,"maxFontSize":32,"autoFitWidth":false,"autoFitHeight":false,"maxLines":null,"lineHeight":32,"wrapLines":true,"spacing":1,"color":[0,0,0],"opacity":1,"textureAsset":null,"spriteAsset":null,"spriteFrame":0,"pixelsPerUnit":null,"width":300,"height":150,"margin":[216,382,-516,-532],"alignment":[0.5,0.5],"outlineColor":[0,0,0,1],"outlineThickness":0,"shadowColor":[0,0,0,1],"shadowOffset":[0,0],"rect":[0,0,1,1],"materialAsset":null,"autoWidth":false,"autoHeight":false,"useInput":true,"batchGroupId":null,"mask":false,"layers":[4],"enableMarkup":false},"script":{"enabled":true,"order":["black"],"scripts":{"black":{"enabled":true,"attributes":{}}}}}},"2b99cd18-ad56-482d-893f-2ba20257c328":{"name":"cube","tags":[],"enabled":true,"resource_id":"2b99cd18-ad56-482d-893f-2ba20257c328","parent":"7123c28e-4db9-484f-8049-87a83a038989","children":["eadfc1da-9d25-4e4f-b9a7-2cb5e716bf76"],"position":[16,516,0],"rotation":[0,0,0],"scale":[1,1,1],"components":{"button":{"enabled":true,"active":true,"imageEntity":"2b99cd18-ad56-482d-893f-2ba20257c328","hitPadding":[0,0,0,0],"transitionMode":0,"hoverTint":[1,1,1,1],"pressedTint":[1,1,1,1],"inactiveTint":[1,1,1,1],"fadeDuration":0,"hoverSpriteAsset":null,"hoverSpriteFrame":0,"pressedSpriteAsset":null,"pressedSpriteFrame":0,"inactiveSpriteAsset":null,"inactiveSpriteFrame":0,"hoverTextureAsset":null,"pressedTextureAsset":null,"inactiveTextureAsset":null},"element":{"enabled":true,"type":"image","anchor":[0,0,0,0],"pivot":[0.5,0.5],"text":"","key":null,"fontAsset":36124914,"fontSize":32,"minFontSize":8,"maxFontSize":32,"autoFitWidth":false,"autoFitHeight":false,"maxLines":null,"lineHeight":32,"wrapLines":true,"spacing":1,"color":[0.5294117647058824,0.5294117647058824,0.5294117647058824],"opacity":1,"textureAsset":null,"spriteAsset":null,"spriteFrame":0,"pixelsPerUnit":null,"width":300,"height":150,"margin":[41,382,-341,-532],"alignment":[0.5,0.5],"outlineColor":[0,0,0,1],"outlineThickness":0,"shadowColor":[0,0,0,1],"shadowOffset":[0,0],"rect":[0,0,1,1],"materialAsset":null,"autoWidth":false,"autoHeight":false,"useInput":true,"batchGroupId":null,"mask":false,"layers":[4],"enableMarkup":false},"script":{"enabled":true,"order":["cube"],"scripts":{"cube":{"enabled":true,"attributes":{}}}}}},"eadfc1da-9d25-4e4f-b9a7-2cb5e716bf76":{"name":"Text","tags":[],"enabled":true,"resource_id":"eadfc1da-9d25-4e4f-b9a7-2cb5e716bf76","parent":"2b99cd18-ad56-482d-893f-2ba20257c328","children":[],"position":[0,0,0],"rotation":[0,0,0],"scale":[1,1,1],"components":{"element":{"enabled":true,"type":"text","anchor":[0.5,0.5,0.5,0.5],"pivot":[0.5,0.5],"text":"Cube","key":null,"fontAsset":36124914,"fontSize":32,"minFontSize":8,"maxFontSize":32,"autoFitWidth":false,"autoFitHeight":false,"maxLines":null,"lineHeight":32,"wrapLines":true,"spacing":1,"color":[1,1,1],"opacity":1,"textureAsset":null,"spriteAsset":null,"spriteFrame":0,"pixelsPerUnit":null,"width":85.248,"height":32,"margin":[-42.624,-17.088,-42.624,-17.088],"alignment":[0.5,0.5],"outlineColor":[0,0,0,1],"outlineThickness":0,"shadowColor":[0,0,0,1],"shadowOffset":[0,0],"rect":[0,0,1,1],"materialAsset":null,"autoWidth":true,"autoHeight":true,"useInput":false,"batchGroupId":null,"mask":false,"layers":[4],"enableMarkup":false}}},"0b1934e5-e6e1-495e-bf68-152a999038ef":{"name":"Box","enabled":false,"resource_id":"0b1934e5-e6e1-495e-bf68-152a999038ef","parent":"c05ab0ea-f65c-11e5-809f-22000ac481df","children":[],"position":[1.8230818510055542,1.4462631940841675,-1.2005730555907714],"rotation":[0,0,0],"scale":[1,1,1],"components":{"model":{"enabled":true,"type":"box","asset":null,"materialAsset":36141378,"castShadows":false,"receiveShadows":true,"lightmapped":true,"castShadowsLightmap":true,"lightmapSizeMultiplier":1,"isStatic":false,"batchGroupId":null,"layers":[0]},"rigidbody":{"enabled":true,"type":"dynamic","mass":1,"linearDamping":0,"angularDamping":0,"linearFactor":[1,1,1],"angularFactor":[1,1,1],"friction":0.5,"restitution":0.5},"collision":{"enabled":true,"type":"box","halfExtents":[0.5,0.5,0.5],"radius":0.5,"axis":1,"height":2,"asset":null}},"tags":["interactive","pickable"]},"c5078e3b-fb5f-4ada-8809-e864dbbaf30c":{"name":"Sphere","enabled":false,"resource_id":"c5078e3b-fb5f-4ada-8809-e864dbbaf30c","parent":"c05ab0ea-f65c-11e5-809f-22000ac481df","children":[],"position":[5.338290214538574,2.892526388168335,-2.34162447975571],"rotation":[0,0,0],"scale":[1,1,1],"components":{"model":{"enabled":true,"type":"sphere","asset":null,"materialAsset":36124919,"castShadows":false,"receiveShadows":true,"lightmapped":true,"castShadowsLightmap":true,"lightmapSizeMultiplier":1,"isStatic":false,"batchGroupId":null,"layers":[0]},"rigidbody":{"enabled":true,"type":"dynamic","mass":1,"linearDamping":0,"angularDamping":0,"linearFactor":[1,1,1],"angularFactor":[1,1,1],"friction":0.5,"restitution":0.5},"collision":{"enabled":true,"type":"sphere","halfExtents":[0.5,0.5,0.5],"radius":0.5,"axis":1,"height":2,"asset":null}},"tags":["interactive","pickable"]},"5f0bf626-bb88-4137-b277-99750747047e":{"name":"objects","tags":[],"enabled":true,"resource_id":"5f0bf626-bb88-4137-b277-99750747047e","parent":"c05ab0ea-f65c-11e5-809f-22000ac481df","children":[],"position":[0,0,0],"rotation":[0,0,0],"scale":[1,1,1],"components":{}}},"id":1001042}